title;year;doi;url;kw1;kw2;kw3;kw4;kw5;kw6;kw7;kw8;kw9;kw10;kw11;kw12;kw13;kw14;kw15;kw16;kw17;kw18;kw19;kw20;kw21;kw22;kw23;kw24;kw25;kw26;kw27;kw28;kw29;kw30;kw31;kw32;kw33;kw34;kw35;kw36;kw37;kw38;kw39;kw40;kw41;kw42;kw43;kw44;kw45;kw46;kw47;kw48;kw49;kw50
Edge-SLAM: Edge-assisted visual simultaneous localization and mapping;2020;10.1145/3386901.3389033;;edge computing; localization; mapping; mobile systems; split architecture; visual simultaneous localization and mapping; memory architecture; slam robotics; computing resource; indoor localization; local mapping; memory resources; processing time; split architectures; urban environments; visual simultaneous localization and mappings; indoor positioning systems
Simultaneous localization and map-building using active vision;2002;10.1109/TPAMI.2002.1017615;;active vision; mobile robots; simultaneous localization and map-building; active visual sensing; electromechanical stereo head; high resolution omni-directional data; odometry; algorithms; cameras; closed loop control systems; degrees of freedom (mechanics); electromechanical devices; feature extraction; kalman filtering; kinematics; mathematical models; matrix algebra; probability density function; computer vision
FAB-MAP + RatSLAM: Appearance-based SLAM for multiple times of day;2010;10.1109/ROBOT.2010.5509547;;appearance based; data association; data sets; experience mappings; local feature; localisation; single cameras; suburban streets; sun angle; data processing; mapping; metals; roads and streets; robotics
A speeded-up online incremental vision-based loop-closure detection for long-term SLAM;2013;10.1080/01691864.2013.826410;;place localization; robotics navigation; simultaneous localization and mapping; vision-based loop-closure detection; calculation techniques; hierarchical k-means; loop closure; off-line dictionaries; perceptual aliasing; real-time computations; mathematical techniques; robots; robotics
Long-term vehicle localization in urban environments based on pole landmarks extracted from 3-D lidar scans;2021;10.1016/j.robot.2020.103709;;autonomous driving; feature extraction; landmark; lidar; localization; mapping; pole; agricultural robots; optical radar; poles; complete mappings; construction sites; localization system; long term stability; on-line localization; open source implementation; urban environments; vehicle localization; urban growth
Dynamic pose graph SLAM: Long-term mapping in low dynamic environments;2012;10.1109/IROS.2012.6385561;;autonomous mobile robot; change detection; critical challenges; dynamic environments; dynamical environment; environmental change; indoor environment; laser data; laser scans; mapping process; time dimension; image matching; intelligent robots; intelligent systems; lasers; mapping; state estimation; robotics
Long-term mapping and localization using feature stability histograms;2013;10.1016/j.robot.2013.07.003;;mobile robots; slam (robots); 
DynaSLAM: Tracking, Mapping, and Inpainting in Dynamic Scenes;2018;10.1109/LRA.2018.2860039;;localization; slam; visual-based navigation; deep learning; economic and social effects; robotics; robots; autonomous vehicles; background inpainting; dynamic scenarios; multi-view geometry; real world environments; service robotics; object detection
A Flexible and Efficient Loop Closure Detection Based on Motion Knowledge;2021;10.1109/ICRA48506.2021.9561126;;distance measurement; feature extraction; graph theory; mobile robots; neural nets; object detection; pose estimation; robot vision; slam (robots); 
A Geodetic Normal Distribution Map for Long-Term LiDAR Localization on Earth;2021;10.1109/ACCESS.2020.3047421;;map compression; normal distribution map; registration; world-scale map management; errors; geodesy; normal distribution; vehicles; cartesian coordinate; coordinate conversion; lidar measurements; light detection and ranging; mass production; probabilistic distribution; truncation errors; vehicle location; optical radar
Appearance-invariant place recognition by adversarially learning disentangled representation;2020;10.1016/j.robot.2020.103561;;adversarial learning; changing environment; representation disentanglement; visual place recognition; agricultural robots; dimensionality reduction; signal encoding; auto encoders; content information; multiple domains; place recognition; visual navigation; arts computing
A DenseNet feature-based loop closure method for visual SLAM system;2019;10.1109/ROBIO49542.2019.8961714;;convolutional neural network; densenet; loop closure; slam; biomimetics; neural networks; semantics; geometry structure; locality sensitive hashing; semantic information; state-of-the-art performance; robotics
OpenRatSLAM: An open source brain-based SLAM system;2013;10.1007/s10514-012-9317-9;;appearance-based; brain-based; hippocampus; mapping; navigation; open-source; openratslam; ratslam; ros; slam; appearance based; data visualization; navigation systems; open systems; robots; brain mapping
kRadar++: Coarse-to-fine FMCW scanning radar localisation;2020;10.3390/s20216002;;autonomous vehicles; deep learning; localisation; mapping; place recognition; radar; air navigation; frequency modulation; alternative state; autonomous navigation; inclement conditions; localisation systems; long term durability; online operations; sensing technology; article; male; recall; telecommunication
A visual bag of words method for interactive qualitative localization and mapping;2007;10.1109/ROBOT.2007.364080;;algorithms; database systems; image analysis; learning systems; manipulators; user interfaces; image databases; interactive qualitative localization; real robots; visual localization; anthropomorphic robots
Efficient Map Compression for Collaborative Visual SLAM;2018;10.1109/WACV.2018.00114;;integer programming; robotics; swarm intelligence; compression algorithms; compression approach; compression properties; exploration of unknown environments; inter-feature dependencies; linear integer programming; minimum spanning trees; state-of-the-art techniques; computer vision
Change detection using weighted features for image-based localization;2021;10.1016/j.robot.2020.103676;;change detection; image-based localization; long-term autonomy; mobile robotics; agricultural robots; industrial robots; autonomous mobile robot; autonomous operations; change detection algorithms; experimental evaluation; image-based localizations; misleading informations; real world environments; vision based localization; feature extraction
Generic 2D/3D SLAM with NDT maps for lifelong application;2013;10.1109/ECMR.2013.6698849;;mathematical techniques; mobile robots; normal distribution; sensors; dynamic environments; free space measurements; generic approach; graph-based; moving obstacles; sensor data; simultaneous localization and mapping; slam approach; robotics
Generic NDT mapping in dynamic environments and its application for lifelong SLAM;2015;10.1016/j.robot.2014.08.008;;2d and 3d mapping; detection and tracking of moving objects; lifelong slam; map registration; mobile robots; normal distribution transform; occupancy mapping; graphic methods; normal distribution; object detection; robotics; 3-d mapping; dynamic environments; free space measurements; generic approach; its applications; simultaneous localization and mapping; mapping
A pose graph-based localization system for long-term navigation in CAD floor plans;2019;10.1016/j.robot.2018.11.003;;adaptive systems; localization; mapping; mobile robotics; slam; computer aided design; floors; robotics; robots; architectural floor plans; computationally efficient; long-term experiments; mobile robotic; real world environments; relative localization; indoor positioning systems
Season-Invariant and Viewpoint-Tolerant LiDAR Place Recognition in GPS-Denied Environments;2021;10.1109/TIE.2019.2962416;;feature extraction; image classification; image sensors; mobile robots; object recognition; optical radar; robot vision; slam (robots); visual databases; 
Robust Place Recognition and Loop Closing in Laser-Based SLAM for UGVs in Urban Environments;2018;10.1109/JSEN.2018.2815956;;laser scanning; place recognition; simultaneous localization and mapping (slam); unmanned ground vehicles (ugvs); ground vehicles; image enhancement; indoor positioning systems; query processing; robotics; computational costs; normalization algorithms; simultaneous localization and mapping; state-of-the-art approach; unmanned ground vehicles; verification algorithms; intelligent vehicle highway systems
Long-term experiments with an adaptive spherical view representation for navigation in changing environments;2011;10.1016/j.robot.2011.02.013;;mobile robot navigation; omnidirectional vision; persistent mapping; 3d geometry; changing environment; human memory; long term stability; long-term experiments; multi-view geometry; real world environments; topological map; visual feature; experiments; mobile robots; multi agent systems; navigation systems; three dimensional; navigation
Sequence-based sparse optimization methods for long-term loop closure detection in visual SLAM;2018;10.1007/s10514-018-9736-3;;long-term autonomy; long-term place recognition; loop closure detection; visual slam; artificial intelligence; robots; convex optimization problems; localization and mappings; loop closure; place recognition; state-of-the-art performance; structured sparsities; convex optimization
Learning of Holism-Landmark graph embedding for place recognition in Long-Term autonomy;2018;10.1109/LRA.2018.2856274;;localization; recognition; slam; visual learning; benchmarking; edge detection; mapping; optimization; robustness (control systems); semantics; convergence; image edge detection; simultaneous localization and mapping; robotics
SRAL: Shared Representative Appearance Learning for Long-Term Visual Place Recognition;2017;10.1109/LRA.2017.2662061;;long-term place recognition; loop closure detection; simultaneous localization and mapping (slam); visual learning; mapping; optimization; robotics; robots; illumination variation; loop closure; optimization algorithms; place recognition; regularized optimization problems; simultaneous localization and mapping; visual simultaneous localization and mappings; optical character recognition
Online probabilistic change detection in feature-based maps;2018;10.1109/ICRA.2018.8461111;;mapping; change detection; compact representation; dynamic elements; feature based modeling; simultaneous localization and mapping; sparse features; spatio-temporal properties; state of the art; robotics
Long-term 3D map maintenance in dynamic environments;2014;10.1109/ICRA.2014.6907397;;dynamic obstacles; icp; kd-tree; long-term mapping; registration; robot; scan matching; slam; air navigation; collision avoidance; mapping; motion planning; robotics; robots; semantics; urban planning; k-d tree; robot programming
Lifelong localization in changing environments;2013;10.1177/0278364913502830;;cognitive robotics; learning and adaptive systems; localization; mapping; mobile and distributed robotics slam; learning and adaptive system; localization accuracy; monte carlo localization; probabilistic approaches; rao-blackwellized particle filter; algorithms; hidden markov models; robot applications; robotics
Consistent sparsification for graph optimization;2013;10.1109/ECMR.2013.6698835;;mathematical techniques; mobile robots; robotics; graph optimization; graph sparsification; marginalization; memory resources; minimization problems; simultaneous localization and mapping; sparsification; synthetic and real data; graph theory
1-Day Learning, 1-Year Localization: Long-Term LiDAR Localization Using Scan Context Image;2019;10.1109/LRA.2019.2897340;;localization; range sensing; slam; neural networks; robot applications; consistent performance; convolutional neural network; localization performance; pair-wise comparison; structural information; query processing
Geometry-based Graph Pruning for Lifelong SLAM;2021;10.1109/IROS51168.2021.9636530;;graph theory; robotics; changing environment; graph sizes; graph-based; loop closure; marginalization; novel methods; pruning algorithms; real-world; robot trajectory; slam approach; graphic methods
Hierarchical Loop Closure Detection for Long-term Visual SLAM with Semantic-Geometric Descriptors;2021;10.1109/ITSC48978.2021.9564866;;forestry; location; robotics; detection methods; feature descriptors; geometric descriptor; local semantics; localisation systems; loop closure; mapping systems; simultaneous localization and mapping; visual simultaneous localization and mappings; vocabulary tree; semantics
Domain-Invariant Similarity Activation Map Contrastive Learning for Retrieval-Based Long-Term Visual Localization;2022;10.1109/JAS.2021.1003907;;deep representation learning; place recognition; visual localization; chemical activation; coarse-to-fine strategy; environmental conditions; general architectures; generalization ability; illumination changes; image-based localizations; sequential combination; image retrieval
Temporally scalable visual SLAM using a reduced pose graph;2013;10.1109/ICRA.2013.6630556;;accelerometer data; graph representation; key-frames; marginalization; place recognition; visual slam; robotics
An integrated model of autonomous topological spatial cognition;2016;10.1007/s10514-015-9514-4;;spatial cognition; long-term spatial memory; place recognition; semantic maps; loop closure; large-scale; fab-map; localization; vision; space
Merging of appearance-based place knowledge among multiple robots;2020;10.1007/s10514-020-09911-2;;place recognition; multi-robot; unsupervised learning; large-scale; slam; maps
Information-theoretic compression of pose graphs for laser-based SLAM;2012;10.1177/0278364912455072;;compression; long-term; mutual information; pose graph; slam; amount of information; graph-based; laser measurements; marginalization; mutual informations; real world experiment; robot mapping; simultaneous localization and mapping; compaction; information theory; mathematical techniques; mobile robots; robotics; trees (mathematics)
Lifelong Map Learning for Graph-based SLAM in Static Environments;2010;10.1007/s13218-010-0034-2;;expected information gain; mapping; slam; robotics; robots; expected informations; graph-based; information gain; map learning; runtimes; simultaneous localization and mapping problems; spatial constraints; static environment
Self-Supervised Learning of Lidar Segmentation for Autonomous Indoor Navigation;2021;10.1109/ICRA48506.2021.9561701;;
Radar-to-Lidar: Heterogeneous Place Recognition via Joint Learning;2021;10.3389/frobt.2021.661199;;deep neural network; heterogeneous measurements; lidar; mobile robot; place recognition; radar
3D LiDAR-Based Global Localization Using Siamese Neural Network;2020;10.1109/TITS.2019.2905046;;global localization; mobile vehicles; place recognition; siamese network; digital storage; learning systems; road vehicles; critical component; feature learning; light detection and ranging; mobile vehicle; reduced representation; similarity models; optical radar
Distributed and collaborative monocular simultaneous localization and mapping for multi-robot systems in large-scale environments;2018;10.1177/1729881418780178;;large-scale slam; monocular slam; multi-robot collaborative slam; relocalization; conformal mapping; industrial robots; merging; multipurpose robots; robot learning; robotics; vision; exteroceptive sensor; multirobots; re-localization; robot operating system; simultaneous localization and mapping; simultaneous localization and mapping algorithms; indoor positioning systems
Localization and navigation of the CoBots over long-term deployments;2013;10.1177/0278364913503892;;autonomous robots; indoor mobile robots; localization; long-term autonomy; navigation; graph representation; hierarchical planners; localization and navigation; proposal distribution; service mobile robots; algorithms; distributed computer systems; motion planning; robots; target tracking; topology; vector spaces; mobile robots
Episodic non-Markov localization;2017;10.1016/j.robot.2016.09.005;;localization; long-term autonomy; mapping; bayesian networks; functions; maximum likelihood; maximum likelihood estimation; mobile robots; range finders; robot applications; dynamic bayesian networks; laser range finders; markov localizations; maximum likelihood estimate; mobile robot localization; service mobile robots; robots
Tightly-Coupled Magneto-Visual-Inertial Fusion for Long Term Localization in Indoor Environment;2022;10.1109/LRA.2021.3136241;;indoor magnetic field; localization; msckf; sensor fusion; visual-inertial slam; bibliographies; robotics; bibt e x; code; documentation; ieee; indoor environment; l a t e x; localisation; style; template; tightly-coupled; indoor positioning systems
High-Level Visual Features for Underwater Place Recognition;2015;10.1109/ICRA.2015.7139706;;simultaneous localization; navigation; slam
Lifelong Information- Driven Exploration to Complete and Refine 4-D Spatio-Temporal Maps;2016;10.1109/LRA.2016.2516594;;mapping; service robots; mobile robots; environments; localization; navigation
Hierarchical SLAM using spectral submap matching with opportunities for long-term operation;2013;10.1109/ICAR.2013.6766479;;human computer interaction; computation time; environmental change; fourier-mellin transforms; global localization; matching performance; occupancy grids; scaled-down versions; slam approach; robotics
Variational Bayesian approach to condition-invariant feature extraction for visual place recognition;2021;10.3390/app11198976;;auto-encoder; deep learning; localization; mobile robots; place recognition; slam
3D normal distributions transform occupancy maps: An efficient representation for mapping in dynamic environments;2013;10.1177/0278364913499415;;control engineering computing; dairy products; industrial robots; mobile robots; normal distribution; production engineering computing; production facilities; robot dynamics; robot vision; slam (robots); solid modelling; transforms; 
Enhanced Monte Carlo Localization with Visual Place Recognition for Robust Robot Localization;2015;10.1007/s10846-015-0198-y;;crowded environment; long-term localization; monte carlo localization; robust localization; range finders; robot applications; robots; place recognition; real robot; robot positions; robust robots; monte carlo methods
Identifying robust landmarks in feature-based maps;2019;10.1109/IVS.2019.8814289;;digital storage; intelligent vehicle highway systems; motion planning; probability distributions; urban planning; automated vehicles; geometric distribution; long-term maintenances; optimal path planning; reduction algorithms; safe navigations; transient features; urban environments; vehicles
Long-Term Map Maintenance Pipeline for Autonomous Vehicles;2021;10.1109/TITS.2021.3094485;;autonomous vehicles; feature extraction; feature-based map; long-term localisation; maintenance engineering; map update.; pipelines; task analysis; transient analysis; visualization; maintenance; geometrical relationship; high-accuracy; localisation; localisation systems; position information; relevant features; transient features; typical urban
Visual Place Recognition in Long-term and Large-scale Environment based on CNN Feature;2018;10.1109/IVS.2018.8500686;;convolution; feedforward neural nets; image matching; image recognition; intelligent transportation systems; learning (artificial intelligence); slam (robots); 
Modest-vocabulary loop-closure detection with incremental bag of tracked words;2021;10.1016/j.robot.2021.103782;;loop-closure detection; mapping; recognition; slam; visual-based navigation; agricultural robots; antennas; computational efficiency; feature extraction; robots; environment perceptions; memory requirements; operational frequency; probabilistic scores; simultaneous localization and mapping; state-of-the-art techniques; temporal coherency; visual vocabularies; query processing
Visual robot localization using compact binary landmarks;2010;10.1109/ROBOT.2010.5509579;;binary representations; bit codes; car-like robot; compact representation; cost performance; hashing techniques; high-speed; information sharing network; landmark database; large sizes; localization system; mobile robot localization; recent progress; robot localization; semantic gap; visual landmarks; automobiles; information retrieval; robot applications; robots; semantic web; semantics; robotics
Towards lifelong visual maps;2009;10.1109/IROS.2009.5354121;;dynamic environments; fast-slam; frame rate; indoor space; mapping systems; ongoing changes; static environment; stereo cameras; visual map; visual mapping; intelligent robots
Selective memory: Recalling relevant experience for long-term visual localization;2018;10.1002/rob.21838;;mapping; position estimation; terrestrial robotics; collaborative filtering; costs; navigation systems; robots; autonomous mobile vehicles; enabling technologies; localization system; map representations; outdoor environment; real time performance; visual localization; online systems
CD SLAM - Continuous localization and mapping in a dynamic world;2011;10.1109/IROS.2011.6048253;;data sets; dynamic scenes; dynamic world; indoor/outdoor; key frames; memory consumption; performance gain; robust datum; single cameras; time-periods; visual slam; intelligent robots; robotics
A unified framework for mutual improvement of SLAM and semantic segmentation;2019;10.1109/ICRA.2019.8793499;;
Appearance-Based Loop Closure Detection via Locality-Driven Accurate Motion Field Learning;2022;10.1109/TITS.2021.3086822;;autonomous vehicle; feature matching; loop closure detection; place recognition; slam; computer applications; intelligent systems; bayesian frameworks; feature matching methods; quantitative result; reproducing kernel hilbert spaces; simultaneous localization and mapping; sparse approximations; suboptimal solution; visual localization; learning systems
Learning Matchable Image Transformations for Long-Term Metric Visual Localization;2020;10.1109/LRA.2020.2967659;;deep learning in robotics and automation; localization; visual learning; visual-based navigation; deep neural networks; image enhancement; lighting; mapping; pipelines; robots; user experience; autonomous mobile robot; image transformations; localization performance; pre-processing step; vision based system; visual localization; deep learning
Highly Robust Visual Place Recognition Through Spatial Matching of CNN Features;2020;10.1109/ICRA40945.2020.9196967;;convolutional neural networks; life-long navigation; loop closure; slam; visual place recognition; agricultural robots; image resolution; multilayer neural networks; query processing; robotics; semantics; different layers; place recognition; query images; spatial location; spatial matching; state of the art; temporal correlations
Incremental unsupervised topological place discovery;2014;10.1109/ICRA.2014.6907022;;engines; online systems; optical character recognition; robotics; topology; density-based clustering; memory footprint; multimodal distributions; place recognition; precision and recall; recognition engines; simultaneous localization and mapping; temporal concepts; image enhancement
Robust and Long-term Monocular Teach and Repeat Navigation using a Single-experience Map;2021;10.1109/IROS51168.2021.9635886;;air navigation; computer vision; intelligent robots; robustness (control systems); two term control systems; autonomous navigation; baseline methods; descriptors; experience maps; localisation; navigation accuracy; outdoor environment; proportional-integral control; real-world; navigation systems
Recurrent-OctoMap: Learning State-Based Map Refinement for Long-Term Semantic Mapping with 3-D-Lidar Data;2018;10.1109/LRA.2018.2856268;;deep learning in robotics and automation; mapping; object detection; segmentation and categorization; simultaneous localization and mapping (slam); deep learning; feature extraction; markov processes; object recognition; optical radar; recurrent neural networks; robotics; semantics; dynamic environments; markov chain models; recurrent neural network (rnn); semantic understanding; short term memory; simultaneous localization and mapping; slam; two-dimensional displays; three dimensional displays
Explicit feature disentanglement for visual place recognition across appearance changes;2021;10.1177/17298814211037497;;adversarial; changing appearance; feature disentanglement; place recognition; self-supervised; discriminators; toys; global localization; localisation; performance; position information; visual sensor; machine learning
Topological local-metric framework for mobile robots navigation: a long term perspective;2019;10.1007/s10514-018-9724-7;;lifelong learning; localization; mobile robot; navigation; global optimization; large scale systems; stereo image processing; topology; application deployment; framework and algorithms; life long learning; localization and navigation; localization performance; long-term perspective; mapping and localization; mobile robots
Long-term localization with time series map prediction for mobile robots in dynamic environments;2020;10.1109/IROS45743.2020.9468884;;agricultural robots; autoregressive moving average model; forecasting; mobile robots; time series; auto-regressive moving average model (arma); dynamic environments; environmental change; high-precision localization; historical information; localization performance; modeling and predictions; predictive mechanisms; intelligent robots
Deep Supervised Hashing with Similar Hierarchy for Place Recognition;2019;10.1109/IROS40897.2019.8968599;;digital arithmetic; hash functions; intelligent robots; robotics; benchmark datasets; complex environments; convolution neural network; extracting features; illumination changes; memory consumption; real world environments; simultaneous localization and mapping; deep learning
Keypoint design and evaluation for place recognition in 2D lidar maps;2009;10.1016/j.robot.2009.07.009;;data association; dimension reduction; localization; mapping; place recognition; regional point descriptor; slam; design; heuristic methods; location; optical radar; probability distributions; set theory; topology; problem solving
Appearance-based landmark selection for visual localization;2019;10.1002/rob.21870;;landmark selection; long-term localization; multisession mapping; visual localization; wheeled robots; agricultural robots; drilling platforms; information retrieval; bandwidth consumption; computational resources; localization performance; university of michigan; wheeled robot; bandwidth
Will it last? Learning stable features for long-term visual localization;2016;10.1109/3DV.2016.66;;cnn; feature selection; localization; machine learning; mapping; place recognition; slam; indoor positioning systems; learning systems; robotics; appearance based; expected lifetime; simultaneous localization and mapping; state of the art; visual localization; feature extraction
The gist of maps - Summarizing experience for lifelong localization;2015;10.1109/ICRA.2015.7139575;;agricultural robots; budget control; computational budget; core competencies; inference methods; map representations; place recognition; robotic applications; scoring functions; state-of-the-art approach; robotics
Erasing bad memories: Agent-side summarization for long-term mapping;2016;10.1109/IROS.2016.7759673;;data transfer; intelligent robots; mapping; robots; autonomous navigation; back-end servers; indoor environment; landmark selection; localization performance; mapping scenarios; reference frame; robotic applications; autonomous agents
Checkout my map: Version control for fleetwide visual localisation;2016;10.1109/IROS.2016.7759843;;digital storage; intelligent robots; robots; structural dynamics; vehicles; data sharing; independent agents; localisation; multiple representation; real-world; single-agent; version control; visual experiences; visual servoing
RTAB-Map as an open-source lidar and visual simultaneous localization and mapping library for large-scale and long-term online operation;2019;10.1002/rob.21831;;perception; position estimation; slam; mapping; optical radar; robots; sensory perception; autonomous navigation; open-source libraries; processing capability; real-world datasets; simultaneous localization and mapping; visual simultaneous localization and mappings; robotics
Nonlinear factor recovery for long-term SLAM;2016;10.1177/0278364915581629;;graphical models; localization; mapping; mobile robotics; nonlinear optimization; slam; binary trees; convex optimization; graphic methods; nonlinear programming; optimization; recovery; graphical model; mobile robotic; non-linear optimization; robotics
Environment selection and hierarchical place recognition;2015;10.1109/ICRA.2015.7139966;;agricultural robots; robotics; robots; amount of information; co-occurrence-matrix; computational resources; environment selection; inverted indices; loop detection; place recognition; similarity criteria; large dataset
Semi-Markov Process Based Localization using Radar in Dynamic Environments;2015;10.1109/ITSC.2015.77;;maps
Efficient Long-term Mapping in Dynamic Environments;2018;10.1109/IROS.2018.8594310;;intelligent robots; mapping; robotics; dynamic environments; graph complexity; mapping problem; merging procedure; point cloud data; real world environments; robot operations; robotics research; information management
SDF-Loc: Signed distance Field based 2D relocalization and map update in dynamic environments;2019;10.23919/acc.2019.8814347;;
Generic node removal for factor-graph SLAM;2014;10.1109/TRO.2014.2347571;;factor-graphs; long-term autonomy; marginalization; mobile robotics; simultaneous localization and mapping (slam); computational complexity; mapping; robotics; mobile robotic; simultaneous localization and mapping; trees (mathematics)
Robust long-term registration of UAV images of crop fields for precision agriculture;2018;10.1109/LRA.2018.2849603;;robotics in agriculture and forestry; slam; antennas; forestry; geometry; precision agriculture; robotics; three dimensional computer graphics; unmanned aerial vehicles (uav); agricultural fields; crop monitoring; geometric feature; growth parameters; matching system; registration methods; visual appearance; crops
Improving Image Description with Auxiliary Modality for Visual Localization in Challenging Conditions;2021;10.1007/s11263-020-01363-6;;depth from monocular; global image descriptor; image retrieval; localization; side modality learning; geometry; reflection; robots; search engines; geometry information; image descriptions; image-based localizations; localization accuracy; localization performance; outdoor environment; visual localization; weakly annotated data; image enhancement
Learning Place-and-Time-Dependent Binary Descriptors for Long-Term Visual Localization;2018;10.1109/ICRA.2018.8460674;;evolutionary algorithms; robotics; environmental conditions; evolution algorithms; extreme illuminations; illumination changes; on-line fashion; seasonal variation; vision based navigation; visual localization; robots
Efficient and effective matching of image sequences under substantial appearance changes exploiting GPS priors;2015;10.1109/ICRA.2015.7139576;;global positioning system; image matching; image sequences; slam (robots); 
Experimental analysis of sample-based maps for long-term SLAM;2009;10.1177/0278364908096286;;dynamic environments; lifelong learning; mobile robot navigation; multi-timescale representations; simultaneous localization and mapping; conformal mapping; experiments; mobile robots; navigation; navigation systems; robotics; robots
PoseMap: Lifelong, Multi-Environment 3D LiDAR Localization;2018;10.1109/IROS.2018.8593854;;autonomous vehicles; off road vehicles; optical radar; computational costs; dynamic environments; map representations; moving vehicles; multi-environments; range measurements; road environment; visibility analysis; intelligent robots
Network uncertainty informed semantic feature selection for visual SLAM;2019;10.1109/CRV.2019.00024;;deep learning; information theory; localization; mapping; semantic segmentation; slam; agricultural robots; classification (of information); computational complexity; computer vision; neural networks; robots; semantic web; semantics; bayesian neural networks; feature selection methods; network uncertainties; storage complexity; visual simultaneous localization and mappings; feature extraction
Long-term Place Recognition through Worst-case Graph Matching to Integrate Landmark Appearances and Spatial Relationships;2020;10.1109/ICRA40945.2020.9196906;;agricultural robots; graph structures; knowledge representation; appearance similarities; environment change; graph matching problems; graph representation; localization and mappings; robotics applications; spatial relationships; worst case scenario; robotics
Summary Maps for Lifelong Visual Localization;2016;10.1002/rob.21595;;computer vision; data visualization; lighting; mapping; meteorology; changing environment; computationally efficient; localization and mappings; localization performance; natural environments; on-line localization; visual information; visual localization; social networking (online)
Superpixel-based appearance change prediction for long-term navigation across seasons;2015;10.1016/j.robot.2014.08.005;;image recognition; knowledge based systems; mobile robots; navigation; robot vision; slam (robots); 
Long-term Mapping Techniques for Ship Hull Inspection and Surveillance using an Autonomous Underwater Vehicle;2016;10.1002/rob.21582;;algorithms; autonomous underwater vehicles; distributed computer systems; image matching; information management; mapping; robotics; robots; ships; computing hardware; descriptor matching; graph sparsification; linear constraints; mapping techniques; ship-hull inspections; simultaneous localization and mapping; total path length; hulls (ship)
On the Redundancy Detection in Keyframe-Based SLAM;2019;10.1109/3DV.2019.00071;;collaborative slam; graph compression; keyframe selection; multi robot systems; redundancy detection; slam; global system for mobile communications; helmet mounted displays; information theory; mapping; multipurpose robots; redundancy; virtual reality; graph compressions; key frame selection; multi-robot systems; robotics
FusionVLAD: A Multi-View Deep Fusion Networks for Viewpoint-Free 3D Place Recognition;2021;10.1109/LRA.2021.3061375;;recognition; slam; visual learning; agricultural robots; extraction; robots; autonomous driving; computation resources; crucial technology; global descriptors; insensitive features; invariant feature extraction; place recognition; retrieval methods; feature extraction
Stabilize an Unsupervised Feature Learning for LiDAR-based Place Recognition;2018;10.1109/IROS.2018.8593562;;intelligent robots; mapping; optical radar; adversarial networks; conditional entropy; geometry matching; inference efficiency; localization and mappings; real time performance; robotic platforms; unsupervised feature learning; machine learning
Loop-Closure Detection with a Multiresolution Point Cloud Histogram Mode in Lidar Odometry and Mapping for Intelligent Vehicles;2021;10.1109/TMECH.2021.3062647;;kitti dataset; lidar simultaneous localization and mapping (slam); loop-closure detection; multiresolution histogram; pose estimation; decision making; intelligent vehicle highway systems; mapping; motion compensation; optical radar; slam robotics; detection algorithm; driving operations; positioning information; precise positioning; real time performance; real-time environment; simultaneous localisation and mappings; state-of-the-art system; vehicles
Are you ABLE to perform a life-long visual topological localization?;2018;10.1007/s10514-017-9664-7;;image matching; image sequences; mobile robots; robot dynamics; robot vision; slam (robots); 
ORB-SLAM: A Versatile and Accurate Monocular SLAM System;2015;10.1109/TRO.2015.2463671;;lifelong mapping; localization; monocular vision; recognition; simultaneous localization and mapping (slam); mapping; robotics; vision; automatic initialization; outdoor environment; simultaneous localization and mapping; state of the art; survival-of-the-fittest; indoor positioning systems
Self-help: Seeking out perplexing images for ever improving topological mapping;2013;10.1177/0278364913509859;;life-long learning; perplexity; topic models; topological mapping; external resources; life long learning; navigation performance; place recognition; probabilistic representation; topic model; topology; robots
Survey Registration for Long-Term Natural Environment Monitoring;2017;10.1002/rob.21664;;robotics; alignment accuracy; autonomous surface vessels; data association; manual inspection; natural environments; registration accuracy; seasonal variation; visual simultaneous localization and mappings; surveys
Towards a robust visual SLAM approach: Addressing the challenge of life-long operation;2009;;https://ieeexplore.ieee.org/document/5174794;absolute number; assignment problems; dynamic environments; fundamental problem; high level applications; image-based features; indoor environment; natural landmark; processing power; real world experiment; robust operation; service robotics; service robots; slam approach; upper bound; visual slam; robotics; robots
Lifelong localization of a mobile service-robot in everyday indoor environments using omnidirectional vision;2009;10.1109/TEPRA.2009.5339626;;absolute number; bearing-only; indoor environment; information contents; key component; mobile service; omni-directional vision; operational area; processing power; real world experiment; robot localization; selection process; service robotics; slam (simultaneous localization and mapping); slam approach; upper bound; clustering algorithms; robot applications; robots
LLama-SLAM: Learning High-Quality Visual Landmarks for Long-Term Mapping and Localization;2018;10.1109/ITSC.2018.8569323;;automobile drivers; global positioning system; image recording; intelligent systems; mapping; stereo image processing; autonomous driving; co-ordinate system; long-term evaluation; mapping and localization; mapping process; quality value; slam algorithm; visual landmarks; advanced driver assistance systems
Robust outdoor visual localization using a three-dimensional-edge map;2009;10.1002/rob.20306;;autonomous vehicles; camera images; edge map; invariant properties; localization algorithm; localization system; particle filter; robust operation; three-dimensional (3d); visual localization; air filters; algorithms; cameras; exposure controls; industrial applications; nonlinear filtering; three dimensional; edge detection
Visual Odometry and Place Recognition Fusion for Vehicle Position Tracking in Urban Environments;2018;10.3390/s18040939;;real-time navigation; visual-odometry; seqslam; loop-closure; ekf; ukf; fab-map; localization
Omnidirectional multisensory perception fusion for long-term place recognition;2018;10.1109/ICRA.2018.8461042;;large dataset; large-scale dataset; multiple sensors; multisensory data; multisensory perceptions; omni-directional sensors; place recognition; simultaneous localization and mapping; surrounding environment; robotics
Voxel-based representation learning for place recognition based on 3D point clouds;2020;10.1109/IROS45743.2020.9340992;;agricultural robots; iterative methods; optimization; critical component; iterative optimization algorithms; optimization problems; place recognition; regularized optimizations; simultaneous localization and mapping; structured sparsities; voxel representation; intelligent robots
Concurrent filtering and smoothing: A parallel architecture for real-time navigation and full smoothing;2014;10.1177/0278364914531056;;filtering; information fusion; probabilistic graphical models; real time navigation; slam; smoothing; agricultural robots; antennas; filtration; graphic methods; information filtering; navigation; state estimation; autonomous ground vehicles; concurrent architecture; loop closure constraints; navigation architectures; real-time navigation; parallel architectures
SGC-VSLAM: A semantic and geometric constraints VSLAM for dynamic indoor environments;2020;10.3390/s20082432;;dynamic feature filtering; dynamic indoor environment; orb-slam2; point cloud map; visual slam; geometry; indoor positioning systems; mobile robots; navigation; autonomous mobile robot; fundamental matrix; geometric constraint; indoor environment; key frame selection; positioning accuracy; real world environments; visual simultaneous localization and mappings; semantics
Lifelong Localization in Semi-Dynamic Environment;2021;10.1109/ICRA48506.2021.9561584;;
Ceiling vision-based active SLAM framework for dynamic and wide-open environments;2016;10.1007/s10514-015-9453-0;;ceiling vision; dynamic environment; mobile robot; slam; wide-open area; ceilings; mapping; mobile robots; robotics; robots; dynamic environments; environmental change; indoor environment; railway stations; real environments; simultaneous localization and mapping problems; indoor positioning systems
FreMEn: Frequency map enhancement for long-term mobile robot autonomy in changing environments;2017;10.1109/TRO.2017.2665664;;localization; long-term autonomy; mapping; mobile robots; robot applications; uncertainty analysis; changing environment; dynamic environments; environment dynamics; environmental dynamics; long term performance; mobile robot localization; mobile robot mappings; predictive capabilities; robots
Vision-based Markov localization across large perceptual changes;2015;10.1109/ECMR.2015.7324181;;cameras; context; databases; lead; matched filters; robot sensing systems; database systems; image processing; mobile robots; probability distributions; autonomous operations; experimental evaluation; localization and mappings; markov localizations; robot sensing system; sequential information; state-of-the-art techniques; robots
Semantics-aware visual localization under challenging perceptual conditions;2017;10.1109/ICRA.2017.7989305;;convolution; image matching; image representation; image segmentation; neural nets; robot vision; slam (robots); 
AVP-SLAM: Semantic visual mapping and localization for autonomous vehicles in the parking lot;2020;10.1109/IROS45743.2020.9340939;;agricultural robots; cameras; intelligent robots; semantics; textures; traffic signs; autonomous parking; centimeter levels; illumination changes; inertial measurement unit; semantic features; visual mapping; visual semantics; wheel encoders; autonomous vehicles
Mining DCNN landmarks for long-term visual SLAM;2016;10.1109/ROBIO.2016.7866383;;biomimetics; neural networks; semantics; changing environment; convolutional neural network; high-dimensional; place recognition; scene description; semantic representation; visual experiences; visual information; robotics
A brain-inspired compact cognitive mapping system;2021;10.1007/s11571-020-09621-6;;compact cognitive map; long-term mapping; neighborhood cells; neighborhood fields; slam; article; brain; cognitive map; decision making; human; human experiment; least square analysis; neighborhood; robotics; rotation
VIRAL-Fusion: A Visual-Inertial-Ranging-Lidar Sensor Fusion Approach;2022;10.1109/TRO.2021.3094157;;quaternions; location awareness; matrix converters; visualization; simultaneous localization and mapping; laser radar; distance measurement; aerial robots; localization; optimization; versatile; odometry; slam
A spatio-temporal Long-term Memory approach for visual place recognition in mobile robotic navigation;2013;10.1016/j.robot.2012.12.004;;long-term memory; spatio-temporal neural networks; topological robotic mapping; visual place recognition; fast learning artificial neural networks; long term memory; place recognition; robotic mapping; spatio-temporal; spatio-temporal learning; topological localization; topological structure; feature extraction; iterative methods; neural networks; topology; robotics
SLAM++1-A highly efficient and temporally scalable incremental SLAM framework;2017;10.1177/0278364917691110;;compact state representation; incremental covariance recovery; long-term slam; loop closure; nonlinear least squares; computer vision; information theory; iterative methods; linear systems; mapping; matrix algebra; maximum likelihood; nonlinear analysis; recovery; robotics; covariance recoveries; non-linear least squares; state representation; maximum likelihood estimation
A Life-Long SLAM Approach Using Adaptable Local Maps Based on Rasterized LIDAR Images;2021;10.1109/JSEN.2021.3100882;;bag of words; laser scanning; mapping; place recognition; rasterization; simultaneous localization; artificial life; robot applications; robots; bag-of-visual-words; computational costs; computational requirements; dynamic environments; mapping strategy; re-localization; recall and precision; state-of-the-art methods; indoor positioning systems
Experience-based navigation for long-term localisation;2013;10.1177/0278364913499193;;field and service robotics; field robots; localisation; mapping; mobile and distributed robotics; slam; distributed robotics; field robot; robotics; sensors; robots
Capping Computation Time and Storage Requirements for Appearance-based Localization with CAT-SLAM;2012;10.1109/ICRA.2012.6224622;;
Communication constrained cloud-based long-term visual localization in real time;2019;10.1109/IROS40897.2019.8968550;;kalman filters; autonomous navigation; inertial measurements; localization method; real time performance; real-time localization; sliding window-based; virtual observations; visual localization; intelligent robots
Persistent Stereo Visual Localization on Cross-Modal Invariant Map;2020;10.1109/TITS.2019.2942760;;map incorporated bundle adjustment; map maintenance; persistent autonomy; visual localization; cameras; costs; stereo image processing; autonomous mobile vehicles; geometric precision; local bundle adjustments; long term performance; low-cost equipment; sliding window-based; visual observations; learning algorithms
DiSCO: Differentiable Scan Context with Orientation;2021;10.1109/LRA.2021.3060741;;localization; range sensing; slam; agricultural robots; maps; optical radar; query processing; robots; frequency domains; global localization; interpretability; phase correlation; place recognition; relative orientation; rotation invariant; structural constraints; frequency domain analysis
Map management for robust long-term visual localization of an autonomous shuttle in changing conditions;2022;10.1007/s11042-021-11870-4;;computer vision for transportation; slam; visual-based navigation; information retrieval; robotics; condition; environmental conditions; key-frames; localisation; map managements; ranking functions; visual localization; computer vision
Realizing, reversing, recovering: Incremental robust loop closing over time using the iRRR algorithm;2012;10.1109/IROS.2012.6385879;;loop closing; loop closure; mapping systems; optimization process; state-of-the-art methods; experiments; intelligent systems; robot applications; algorithms
Sparse optimization for robust and efficient loop closing;2017;10.1016/j.robot.2017.03.016;;place recognition; relocalization; slam; sparse optimization; convex optimization; convex optimization techniques; minimization problems; off-line dictionaries; re-localization; real-world datasets; sparse optimizations; robots
Learning Local Feature Descriptor with Motion Attribute For Vision-based Localization;2019;10.1109/IROS40897.2019.8967749;;cameras; convolutional neural nets; feature extraction; learning (artificial intelligence); robot vision; slam (robots); 
Day and Night Collaborative Dynamic Mapping in Unstructured Environment Based on Multimodal Sensors;2020;10.1109/ICRA40945.2020.9197072;;groupware; image fusion; mobile robots; multi-robot systems; path planning; sensor fusion; slam (robots); 
Learning Context Flexible Attention Model for Long-Term Visual Place Recognition;2018;10.1109/LRA.2018.2859916;;deep learning in robotics and automation; localization; visual-based navigation; benchmarking; network architecture; robots; attention mechanisms; benchmark datasets; feed-forward network; flexible networks; image representations; place recognition; regions of interest; deep learning
RadarSLAM: A robust simultaneous localization and mapping system for all weather conditions;2022;10.1177/02783649221080483;;radar sensing; simultaneous localization and mapping; all-weather perception; slam; versatile
Clustermap building and relocalization in urban environments for unmanned vehicles;2019;10.3390/s19194252;;clustermap; lidar-based map building; localization; map descriptor; relocalization; slam; image segmentation; optical radar; range finders; robotics; urban planning; descriptors; map building; re-localization; unmanned vehicles
Pole-like Objects Mapping and Long-Term Robot Localization in Dynamic Urban Scenarios;2021;10.1109/ROBIO54168.2021.9739599;;autonomous vehicles; intelligent vehicle highway systems; neural networks; poles; robot applications; semantics; unmanned vehicles; 'current; 3d data; cluster maps; global map; localisation; long term dynamics; matchings; robot localization; semantic clusters; urban scenarios; optical radar
Visual place recognition with CNNs: from global to partial;2017;10.1109/IPTA.2017.8310121;;computer vision; feature extraction; feedforward neural nets; image matching; image recognition; image representation; learning (artificial intelligence); mobile robots; object detection; object recognition; robot vision; slam (robots); 
DE-SLAM: SLAM for highly dynamic environment;2022;10.1002/rob.22062;;localization; slam; global optimization; robotics; 'current; autonomous mobile robot; dynamic elements; dynamic environments; localisation; localisation systems; mapping systems; real environments; simultaneous localization and mapping; visual simultaneous localization and mappings; semantics
PLSAV: Parallel loop searching and verifying for loop closure detection;2021;10.1049/itr2.12054;;deep neural networks; robots; visual servoing; error accumulation; feature extractor; frames per seconds; parallel loops; parallel task; visual feature; visual sensor; visual simultaneous localization and mappings; feature extraction
Accurate Dynamic SLAM Using CRF-Based Long-Term Consistency;2022;10.1109/TVCG.2020.3028218;;augmented reality; cameras; feature extraction; graph theory; image reconstruction; image sequences; motion estimation; pose estimation; slam (robots); 
